{
  "weights": [
    0.8013936347533958,
    0.0,
    0.19860636524660424
  ],
  "selected": [
    0,
    2
  ],
  "objective": 0.07310645127604332,
  "return": 0.18158832831264157,
  "risk": 0.18787057419125755,
  "commission": 0.002595819095739813,
  "sharpe": 0.9527437172501657
}