{
  "weights": [
    0.804870565795953,
    0.03558142125322722,
    0.15954801294981977
  ],
  "sharpe": 0.4585675706935168
}