{
  "weights": [
    0.654041525754635,
    0.0678774532894564,
    0.27808102095490844
  ],
  "sharpe": 0.8624003950333554
}