method,sharpe,weights
pso,0.4585675706935168,"[0.804870565795953, 0.03558142125322722, 0.15954801294981977]"
equal_weight,0.41521170762240467,"[0.5, 0.0, 0.5]"
random_search,0.45856654408705066,"[0.8357406372100862, 0.0, 0.16425936278991374]"
