method,sharpe,weights
PSO,0.8624003950333554,"[0.654041525754635, 0.0678774532894564, 0.27808102095490844]"
Equal Weight,0.8347276990593034,"[0.5, 0.0, 0.5]"
Random Search,0.8624001055254683,"[0.701179217075741, 0.0, 0.298820782924259]"
